dataset,model,path,exists,row_count_raw,row_count_normalized,warnings
BPI12,rnn,/ceph/lfertig/Paper/revisiting-ppm-foundation-models/notebook/llm-peft-ppm/results/predictions/BPI12/rnn/seed_41.parquet,True,55952,55952,
BPI12,transformer,/ceph/lfertig/Paper/revisiting-ppm-foundation-models/notebook/llm-peft-ppm/results/predictions/BPI12/transformer/seed_41.parquet,True,55952,55952,
BPI12,tabpfn3,/ceph/lfertig/Paper/revisiting-ppm-foundation-models/notebook/llm-peft-ppm/results/predictions/BPI12/tabpfn3/seed_41.parquet,True,2000,2000,
BPI12,saprpt,/ceph/lfertig/Paper/revisiting-ppm-foundation-models/notebook/llm-peft-ppm/results/predictions/BPI12/saprpt/seed_41.parquet,True,2000,2000,
BPI12,llama32-1b,/ceph/lfertig/Paper/revisiting-ppm-foundation-models/notebook/llm-peft-ppm/results/predictions/BPI12/llama32-1b/seed_41.parquet,True,55952,55952,
BPI12,gemma-2-2b,/ceph/lfertig/Paper/revisiting-ppm-foundation-models/notebook/llm-peft-ppm/results/predictions/BPI12/gemma-2-2b/seed_41.parquet,True,55952,55952,
BPI17,rnn,/ceph/lfertig/Paper/revisiting-ppm-foundation-models/notebook/llm-peft-ppm/results/predictions/BPI17/rnn/seed_41.parquet,True,294882,294882,
BPI17,transformer,/ceph/lfertig/Paper/revisiting-ppm-foundation-models/notebook/llm-peft-ppm/results/predictions/BPI17/transformer/seed_41.parquet,True,294882,294882,
BPI17,tabpfn3,/ceph/lfertig/Paper/revisiting-ppm-foundation-models/notebook/llm-peft-ppm/results/predictions/BPI17/tabpfn3/seed_41.parquet,True,2000,2000,
BPI17,saprpt,/ceph/lfertig/Paper/revisiting-ppm-foundation-models/notebook/llm-peft-ppm/results/predictions/BPI17/saprpt/seed_41.parquet,True,2000,2000,
BPI17,llama32-1b,/ceph/lfertig/Paper/revisiting-ppm-foundation-models/notebook/llm-peft-ppm/results/predictions/BPI17/llama32-1b/seed_41.parquet,True,294882,294882,
BPI17,gemma-2-2b,/ceph/lfertig/Paper/revisiting-ppm-foundation-models/notebook/llm-peft-ppm/results/predictions/BPI17/gemma-2-2b/seed_41.parquet,True,294882,294882,
BPI20PrepaidTravelCosts,rnn,/ceph/lfertig/Paper/revisiting-ppm-foundation-models/notebook/llm-peft-ppm/results/predictions/BPI20PrepaidTravelCosts/rnn/seed_41.parquet,True,5050,5050,
BPI20PrepaidTravelCosts,transformer,/ceph/lfertig/Paper/revisiting-ppm-foundation-models/notebook/llm-peft-ppm/results/predictions/BPI20PrepaidTravelCosts/transformer/seed_41.parquet,True,5050,5050,
BPI20PrepaidTravelCosts,tabpfn3,/ceph/lfertig/Paper/revisiting-ppm-foundation-models/notebook/llm-peft-ppm/results/predictions/BPI20PrepaidTravelCosts/tabpfn3/seed_41.parquet,True,2000,2000,
BPI20PrepaidTravelCosts,saprpt,/ceph/lfertig/Paper/revisiting-ppm-foundation-models/notebook/llm-peft-ppm/results/predictions/BPI20PrepaidTravelCosts/saprpt/seed_41.parquet,True,2000,2000,
BPI20PrepaidTravelCosts,llama32-1b,/ceph/lfertig/Paper/revisiting-ppm-foundation-models/notebook/llm-peft-ppm/results/predictions/BPI20PrepaidTravelCosts/llama32-1b/seed_41.parquet,True,5050,5050,
BPI20PrepaidTravelCosts,gemma-2-2b,/ceph/lfertig/Paper/revisiting-ppm-foundation-models/notebook/llm-peft-ppm/results/predictions/BPI20PrepaidTravelCosts/gemma-2-2b/seed_41.parquet,True,5050,5050,
BPI20TravelPermitData,rnn,/ceph/lfertig/Paper/revisiting-ppm-foundation-models/notebook/llm-peft-ppm/results/predictions/BPI20TravelPermitData/rnn/seed_41.parquet,True,32390,32390,
BPI20TravelPermitData,transformer,/ceph/lfertig/Paper/revisiting-ppm-foundation-models/notebook/llm-peft-ppm/results/predictions/BPI20TravelPermitData/transformer/seed_41.parquet,True,32390,32390,
BPI20TravelPermitData,tabpfn3,/ceph/lfertig/Paper/revisiting-ppm-foundation-models/notebook/llm-peft-ppm/results/predictions/BPI20TravelPermitData/tabpfn3/seed_41.parquet,True,2000,2000,
BPI20TravelPermitData,saprpt,/ceph/lfertig/Paper/revisiting-ppm-foundation-models/notebook/llm-peft-ppm/results/predictions/BPI20TravelPermitData/saprpt/seed_41.parquet,True,2000,2000,
BPI20TravelPermitData,llama32-1b,/ceph/lfertig/Paper/revisiting-ppm-foundation-models/notebook/llm-peft-ppm/results/predictions/BPI20TravelPermitData/llama32-1b/seed_41.parquet,True,32390,32390,
BPI20TravelPermitData,gemma-2-2b,/ceph/lfertig/Paper/revisiting-ppm-foundation-models/notebook/llm-peft-ppm/results/predictions/BPI20TravelPermitData/gemma-2-2b/seed_41.parquet,True,32390,32390,
BPI20RequestForPayment,rnn,/ceph/lfertig/Paper/revisiting-ppm-foundation-models/notebook/llm-peft-ppm/results/predictions/BPI20RequestForPayment/rnn/seed_41.parquet,True,7041,7041,
BPI20RequestForPayment,transformer,/ceph/lfertig/Paper/revisiting-ppm-foundation-models/notebook/llm-peft-ppm/results/predictions/BPI20RequestForPayment/transformer/seed_41.parquet,True,7041,7041,
BPI20RequestForPayment,tabpfn3,/ceph/lfertig/Paper/revisiting-ppm-foundation-models/notebook/llm-peft-ppm/results/predictions/BPI20RequestForPayment/tabpfn3/seed_41.parquet,True,2000,2000,
BPI20RequestForPayment,saprpt,/ceph/lfertig/Paper/revisiting-ppm-foundation-models/notebook/llm-peft-ppm/results/predictions/BPI20RequestForPayment/saprpt/seed_41.parquet,True,2000,2000,
BPI20RequestForPayment,llama32-1b,/ceph/lfertig/Paper/revisiting-ppm-foundation-models/notebook/llm-peft-ppm/results/predictions/BPI20RequestForPayment/llama32-1b/seed_41.parquet,True,7041,7041,
BPI20RequestForPayment,gemma-2-2b,/ceph/lfertig/Paper/revisiting-ppm-foundation-models/notebook/llm-peft-ppm/results/predictions/BPI20RequestForPayment/gemma-2-2b/seed_41.parquet,True,7041,7041,
