dataset,model,path,column,normalized
BPI12,rnn,/ceph/lfertig/Paper/revisiting-ppm-foundation-models/notebook/llm-peft-ppm/results/predictions/BPI12/rnn/seed_41.parquet,case_id,True
BPI12,rnn,/ceph/lfertig/Paper/revisiting-ppm-foundation-models/notebook/llm-peft-ppm/results/predictions/BPI12/rnn/seed_41.parquet,pos,True
BPI12,rnn,/ceph/lfertig/Paper/revisiting-ppm-foundation-models/notebook/llm-peft-ppm/results/predictions/BPI12/rnn/seed_41.parquet,case_len,False
BPI12,rnn,/ceph/lfertig/Paper/revisiting-ppm-foundation-models/notebook/llm-peft-ppm/results/predictions/BPI12/rnn/seed_41.parquet,activity_id_current,False
BPI12,rnn,/ceph/lfertig/Paper/revisiting-ppm-foundation-models/notebook/llm-peft-ppm/results/predictions/BPI12/rnn/seed_41.parquet,y_true_next_activity,False
BPI12,rnn,/ceph/lfertig/Paper/revisiting-ppm-foundation-models/notebook/llm-peft-ppm/results/predictions/BPI12/rnn/seed_41.parquet,y_pred_next_activity,False
BPI12,rnn,/ceph/lfertig/Paper/revisiting-ppm-foundation-models/notebook/llm-peft-ppm/results/predictions/BPI12/rnn/seed_41.parquet,y_true_remaining_time,False
BPI12,rnn,/ceph/lfertig/Paper/revisiting-ppm-foundation-models/notebook/llm-peft-ppm/results/predictions/BPI12/rnn/seed_41.parquet,y_pred_remaining_time,False
BPI12,rnn,/ceph/lfertig/Paper/revisiting-ppm-foundation-models/notebook/llm-peft-ppm/results/predictions/BPI12/rnn/seed_41.parquet,y_true_time_to_next_event,False
BPI12,rnn,/ceph/lfertig/Paper/revisiting-ppm-foundation-models/notebook/llm-peft-ppm/results/predictions/BPI12/rnn/seed_41.parquet,y_pred_time_to_next_event,False
BPI12,rnn,/ceph/lfertig/Paper/revisiting-ppm-foundation-models/notebook/llm-peft-ppm/results/predictions/BPI12/rnn/seed_41.parquet,log,False
BPI12,rnn,/ceph/lfertig/Paper/revisiting-ppm-foundation-models/notebook/llm-peft-ppm/results/predictions/BPI12/rnn/seed_41.parquet,backbone,False
BPI12,rnn,/ceph/lfertig/Paper/revisiting-ppm-foundation-models/notebook/llm-peft-ppm/results/predictions/BPI12/rnn/seed_41.parquet,seed,False
BPI12,transformer,/ceph/lfertig/Paper/revisiting-ppm-foundation-models/notebook/llm-peft-ppm/results/predictions/BPI12/transformer/seed_41.parquet,case_id,True
BPI12,transformer,/ceph/lfertig/Paper/revisiting-ppm-foundation-models/notebook/llm-peft-ppm/results/predictions/BPI12/transformer/seed_41.parquet,pos,True
BPI12,transformer,/ceph/lfertig/Paper/revisiting-ppm-foundation-models/notebook/llm-peft-ppm/results/predictions/BPI12/transformer/seed_41.parquet,case_len,False
BPI12,transformer,/ceph/lfertig/Paper/revisiting-ppm-foundation-models/notebook/llm-peft-ppm/results/predictions/BPI12/transformer/seed_41.parquet,activity_id_current,False
BPI12,transformer,/ceph/lfertig/Paper/revisiting-ppm-foundation-models/notebook/llm-peft-ppm/results/predictions/BPI12/transformer/seed_41.parquet,y_true_next_activity,False
BPI12,transformer,/ceph/lfertig/Paper/revisiting-ppm-foundation-models/notebook/llm-peft-ppm/results/predictions/BPI12/transformer/seed_41.parquet,y_pred_next_activity,False
BPI12,transformer,/ceph/lfertig/Paper/revisiting-ppm-foundation-models/notebook/llm-peft-ppm/results/predictions/BPI12/transformer/seed_41.parquet,y_true_remaining_time,False
BPI12,transformer,/ceph/lfertig/Paper/revisiting-ppm-foundation-models/notebook/llm-peft-ppm/results/predictions/BPI12/transformer/seed_41.parquet,y_pred_remaining_time,False
BPI12,transformer,/ceph/lfertig/Paper/revisiting-ppm-foundation-models/notebook/llm-peft-ppm/results/predictions/BPI12/transformer/seed_41.parquet,y_true_time_to_next_event,False
BPI12,transformer,/ceph/lfertig/Paper/revisiting-ppm-foundation-models/notebook/llm-peft-ppm/results/predictions/BPI12/transformer/seed_41.parquet,y_pred_time_to_next_event,False
BPI12,transformer,/ceph/lfertig/Paper/revisiting-ppm-foundation-models/notebook/llm-peft-ppm/results/predictions/BPI12/transformer/seed_41.parquet,log,False
BPI12,transformer,/ceph/lfertig/Paper/revisiting-ppm-foundation-models/notebook/llm-peft-ppm/results/predictions/BPI12/transformer/seed_41.parquet,backbone,False
BPI12,transformer,/ceph/lfertig/Paper/revisiting-ppm-foundation-models/notebook/llm-peft-ppm/results/predictions/BPI12/transformer/seed_41.parquet,seed,False
BPI12,tabpfn3,/ceph/lfertig/Paper/revisiting-ppm-foundation-models/notebook/llm-peft-ppm/results/predictions/BPI12/tabpfn3/seed_41.parquet,case_id,True
BPI12,tabpfn3,/ceph/lfertig/Paper/revisiting-ppm-foundation-models/notebook/llm-peft-ppm/results/predictions/BPI12/tabpfn3/seed_41.parquet,pos,True
BPI12,tabpfn3,/ceph/lfertig/Paper/revisiting-ppm-foundation-models/notebook/llm-peft-ppm/results/predictions/BPI12/tabpfn3/seed_41.parquet,case_len,False
BPI12,tabpfn3,/ceph/lfertig/Paper/revisiting-ppm-foundation-models/notebook/llm-peft-ppm/results/predictions/BPI12/tabpfn3/seed_41.parquet,activity_id_current,False
BPI12,tabpfn3,/ceph/lfertig/Paper/revisiting-ppm-foundation-models/notebook/llm-peft-ppm/results/predictions/BPI12/tabpfn3/seed_41.parquet,y_true_next_activity,False
BPI12,tabpfn3,/ceph/lfertig/Paper/revisiting-ppm-foundation-models/notebook/llm-peft-ppm/results/predictions/BPI12/tabpfn3/seed_41.parquet,y_pred_next_activity,False
BPI12,tabpfn3,/ceph/lfertig/Paper/revisiting-ppm-foundation-models/notebook/llm-peft-ppm/results/predictions/BPI12/tabpfn3/seed_41.parquet,y_true_remaining_time,False
BPI12,tabpfn3,/ceph/lfertig/Paper/revisiting-ppm-foundation-models/notebook/llm-peft-ppm/results/predictions/BPI12/tabpfn3/seed_41.parquet,y_pred_remaining_time,False
BPI12,tabpfn3,/ceph/lfertig/Paper/revisiting-ppm-foundation-models/notebook/llm-peft-ppm/results/predictions/BPI12/tabpfn3/seed_41.parquet,y_true_time_to_next_event,False
BPI12,tabpfn3,/ceph/lfertig/Paper/revisiting-ppm-foundation-models/notebook/llm-peft-ppm/results/predictions/BPI12/tabpfn3/seed_41.parquet,y_pred_time_to_next_event,False
BPI12,tabpfn3,/ceph/lfertig/Paper/revisiting-ppm-foundation-models/notebook/llm-peft-ppm/results/predictions/BPI12/tabpfn3/seed_41.parquet,log,False
BPI12,tabpfn3,/ceph/lfertig/Paper/revisiting-ppm-foundation-models/notebook/llm-peft-ppm/results/predictions/BPI12/tabpfn3/seed_41.parquet,backbone,False
BPI12,tabpfn3,/ceph/lfertig/Paper/revisiting-ppm-foundation-models/notebook/llm-peft-ppm/results/predictions/BPI12/tabpfn3/seed_41.parquet,seed,False
BPI12,saprpt,/ceph/lfertig/Paper/revisiting-ppm-foundation-models/notebook/llm-peft-ppm/results/predictions/BPI12/saprpt/seed_41.parquet,case_id,True
BPI12,saprpt,/ceph/lfertig/Paper/revisiting-ppm-foundation-models/notebook/llm-peft-ppm/results/predictions/BPI12/saprpt/seed_41.parquet,pos,True
BPI12,saprpt,/ceph/lfertig/Paper/revisiting-ppm-foundation-models/notebook/llm-peft-ppm/results/predictions/BPI12/saprpt/seed_41.parquet,case_len,False
BPI12,saprpt,/ceph/lfertig/Paper/revisiting-ppm-foundation-models/notebook/llm-peft-ppm/results/predictions/BPI12/saprpt/seed_41.parquet,activity_id_current,False
BPI12,saprpt,/ceph/lfertig/Paper/revisiting-ppm-foundation-models/notebook/llm-peft-ppm/results/predictions/BPI12/saprpt/seed_41.parquet,y_true_next_activity,False
BPI12,saprpt,/ceph/lfertig/Paper/revisiting-ppm-foundation-models/notebook/llm-peft-ppm/results/predictions/BPI12/saprpt/seed_41.parquet,y_pred_next_activity,False
BPI12,saprpt,/ceph/lfertig/Paper/revisiting-ppm-foundation-models/notebook/llm-peft-ppm/results/predictions/BPI12/saprpt/seed_41.parquet,y_true_remaining_time,False
BPI12,saprpt,/ceph/lfertig/Paper/revisiting-ppm-foundation-models/notebook/llm-peft-ppm/results/predictions/BPI12/saprpt/seed_41.parquet,y_pred_remaining_time,False
BPI12,saprpt,/ceph/lfertig/Paper/revisiting-ppm-foundation-models/notebook/llm-peft-ppm/results/predictions/BPI12/saprpt/seed_41.parquet,y_true_time_to_next_event,False
BPI12,saprpt,/ceph/lfertig/Paper/revisiting-ppm-foundation-models/notebook/llm-peft-ppm/results/predictions/BPI12/saprpt/seed_41.parquet,y_pred_time_to_next_event,False
BPI12,saprpt,/ceph/lfertig/Paper/revisiting-ppm-foundation-models/notebook/llm-peft-ppm/results/predictions/BPI12/saprpt/seed_41.parquet,log,False
BPI12,saprpt,/ceph/lfertig/Paper/revisiting-ppm-foundation-models/notebook/llm-peft-ppm/results/predictions/BPI12/saprpt/seed_41.parquet,backbone,False
BPI12,saprpt,/ceph/lfertig/Paper/revisiting-ppm-foundation-models/notebook/llm-peft-ppm/results/predictions/BPI12/saprpt/seed_41.parquet,seed,False
BPI12,llama32-1b,/ceph/lfertig/Paper/revisiting-ppm-foundation-models/notebook/llm-peft-ppm/results/predictions/BPI12/llama32-1b/seed_41.parquet,case_id,True
BPI12,llama32-1b,/ceph/lfertig/Paper/revisiting-ppm-foundation-models/notebook/llm-peft-ppm/results/predictions/BPI12/llama32-1b/seed_41.parquet,pos,True
BPI12,llama32-1b,/ceph/lfertig/Paper/revisiting-ppm-foundation-models/notebook/llm-peft-ppm/results/predictions/BPI12/llama32-1b/seed_41.parquet,case_len,False
BPI12,llama32-1b,/ceph/lfertig/Paper/revisiting-ppm-foundation-models/notebook/llm-peft-ppm/results/predictions/BPI12/llama32-1b/seed_41.parquet,activity_id_current,False
BPI12,llama32-1b,/ceph/lfertig/Paper/revisiting-ppm-foundation-models/notebook/llm-peft-ppm/results/predictions/BPI12/llama32-1b/seed_41.parquet,y_true_next_activity,False
BPI12,llama32-1b,/ceph/lfertig/Paper/revisiting-ppm-foundation-models/notebook/llm-peft-ppm/results/predictions/BPI12/llama32-1b/seed_41.parquet,y_pred_next_activity,False
BPI12,llama32-1b,/ceph/lfertig/Paper/revisiting-ppm-foundation-models/notebook/llm-peft-ppm/results/predictions/BPI12/llama32-1b/seed_41.parquet,y_true_remaining_time,False
BPI12,llama32-1b,/ceph/lfertig/Paper/revisiting-ppm-foundation-models/notebook/llm-peft-ppm/results/predictions/BPI12/llama32-1b/seed_41.parquet,y_pred_remaining_time,False
BPI12,llama32-1b,/ceph/lfertig/Paper/revisiting-ppm-foundation-models/notebook/llm-peft-ppm/results/predictions/BPI12/llama32-1b/seed_41.parquet,y_true_time_to_next_event,False
BPI12,llama32-1b,/ceph/lfertig/Paper/revisiting-ppm-foundation-models/notebook/llm-peft-ppm/results/predictions/BPI12/llama32-1b/seed_41.parquet,y_pred_time_to_next_event,False
BPI12,llama32-1b,/ceph/lfertig/Paper/revisiting-ppm-foundation-models/notebook/llm-peft-ppm/results/predictions/BPI12/llama32-1b/seed_41.parquet,log,False
BPI12,llama32-1b,/ceph/lfertig/Paper/revisiting-ppm-foundation-models/notebook/llm-peft-ppm/results/predictions/BPI12/llama32-1b/seed_41.parquet,backbone,False
BPI12,llama32-1b,/ceph/lfertig/Paper/revisiting-ppm-foundation-models/notebook/llm-peft-ppm/results/predictions/BPI12/llama32-1b/seed_41.parquet,seed,False
BPI12,gemma-2-2b,/ceph/lfertig/Paper/revisiting-ppm-foundation-models/notebook/llm-peft-ppm/results/predictions/BPI12/gemma-2-2b/seed_41.parquet,case_id,True
BPI12,gemma-2-2b,/ceph/lfertig/Paper/revisiting-ppm-foundation-models/notebook/llm-peft-ppm/results/predictions/BPI12/gemma-2-2b/seed_41.parquet,pos,True
BPI12,gemma-2-2b,/ceph/lfertig/Paper/revisiting-ppm-foundation-models/notebook/llm-peft-ppm/results/predictions/BPI12/gemma-2-2b/seed_41.parquet,case_len,False
BPI12,gemma-2-2b,/ceph/lfertig/Paper/revisiting-ppm-foundation-models/notebook/llm-peft-ppm/results/predictions/BPI12/gemma-2-2b/seed_41.parquet,activity_id_current,False
BPI12,gemma-2-2b,/ceph/lfertig/Paper/revisiting-ppm-foundation-models/notebook/llm-peft-ppm/results/predictions/BPI12/gemma-2-2b/seed_41.parquet,y_true_next_activity,False
BPI12,gemma-2-2b,/ceph/lfertig/Paper/revisiting-ppm-foundation-models/notebook/llm-peft-ppm/results/predictions/BPI12/gemma-2-2b/seed_41.parquet,y_pred_next_activity,False
BPI12,gemma-2-2b,/ceph/lfertig/Paper/revisiting-ppm-foundation-models/notebook/llm-peft-ppm/results/predictions/BPI12/gemma-2-2b/seed_41.parquet,y_true_remaining_time,False
BPI12,gemma-2-2b,/ceph/lfertig/Paper/revisiting-ppm-foundation-models/notebook/llm-peft-ppm/results/predictions/BPI12/gemma-2-2b/seed_41.parquet,y_pred_remaining_time,False
BPI12,gemma-2-2b,/ceph/lfertig/Paper/revisiting-ppm-foundation-models/notebook/llm-peft-ppm/results/predictions/BPI12/gemma-2-2b/seed_41.parquet,y_true_time_to_next_event,False
BPI12,gemma-2-2b,/ceph/lfertig/Paper/revisiting-ppm-foundation-models/notebook/llm-peft-ppm/results/predictions/BPI12/gemma-2-2b/seed_41.parquet,y_pred_time_to_next_event,False
BPI12,gemma-2-2b,/ceph/lfertig/Paper/revisiting-ppm-foundation-models/notebook/llm-peft-ppm/results/predictions/BPI12/gemma-2-2b/seed_41.parquet,log,False
BPI12,gemma-2-2b,/ceph/lfertig/Paper/revisiting-ppm-foundation-models/notebook/llm-peft-ppm/results/predictions/BPI12/gemma-2-2b/seed_41.parquet,backbone,False
BPI12,gemma-2-2b,/ceph/lfertig/Paper/revisiting-ppm-foundation-models/notebook/llm-peft-ppm/results/predictions/BPI12/gemma-2-2b/seed_41.parquet,seed,False
BPI17,rnn,/ceph/lfertig/Paper/revisiting-ppm-foundation-models/notebook/llm-peft-ppm/results/predictions/BPI17/rnn/seed_41.parquet,case_id,True
BPI17,rnn,/ceph/lfertig/Paper/revisiting-ppm-foundation-models/notebook/llm-peft-ppm/results/predictions/BPI17/rnn/seed_41.parquet,pos,True
BPI17,rnn,/ceph/lfertig/Paper/revisiting-ppm-foundation-models/notebook/llm-peft-ppm/results/predictions/BPI17/rnn/seed_41.parquet,case_len,False
BPI17,rnn,/ceph/lfertig/Paper/revisiting-ppm-foundation-models/notebook/llm-peft-ppm/results/predictions/BPI17/rnn/seed_41.parquet,activity_id_current,False
BPI17,rnn,/ceph/lfertig/Paper/revisiting-ppm-foundation-models/notebook/llm-peft-ppm/results/predictions/BPI17/rnn/seed_41.parquet,y_true_next_activity,False
BPI17,rnn,/ceph/lfertig/Paper/revisiting-ppm-foundation-models/notebook/llm-peft-ppm/results/predictions/BPI17/rnn/seed_41.parquet,y_pred_next_activity,False
BPI17,rnn,/ceph/lfertig/Paper/revisiting-ppm-foundation-models/notebook/llm-peft-ppm/results/predictions/BPI17/rnn/seed_41.parquet,y_true_remaining_time,False
BPI17,rnn,/ceph/lfertig/Paper/revisiting-ppm-foundation-models/notebook/llm-peft-ppm/results/predictions/BPI17/rnn/seed_41.parquet,y_pred_remaining_time,False
BPI17,rnn,/ceph/lfertig/Paper/revisiting-ppm-foundation-models/notebook/llm-peft-ppm/results/predictions/BPI17/rnn/seed_41.parquet,y_true_time_to_next_event,False
BPI17,rnn,/ceph/lfertig/Paper/revisiting-ppm-foundation-models/notebook/llm-peft-ppm/results/predictions/BPI17/rnn/seed_41.parquet,y_pred_time_to_next_event,False
BPI17,rnn,/ceph/lfertig/Paper/revisiting-ppm-foundation-models/notebook/llm-peft-ppm/results/predictions/BPI17/rnn/seed_41.parquet,log,False
BPI17,rnn,/ceph/lfertig/Paper/revisiting-ppm-foundation-models/notebook/llm-peft-ppm/results/predictions/BPI17/rnn/seed_41.parquet,backbone,False
BPI17,rnn,/ceph/lfertig/Paper/revisiting-ppm-foundation-models/notebook/llm-peft-ppm/results/predictions/BPI17/rnn/seed_41.parquet,seed,False
BPI17,transformer,/ceph/lfertig/Paper/revisiting-ppm-foundation-models/notebook/llm-peft-ppm/results/predictions/BPI17/transformer/seed_41.parquet,case_id,True
BPI17,transformer,/ceph/lfertig/Paper/revisiting-ppm-foundation-models/notebook/llm-peft-ppm/results/predictions/BPI17/transformer/seed_41.parquet,pos,True
BPI17,transformer,/ceph/lfertig/Paper/revisiting-ppm-foundation-models/notebook/llm-peft-ppm/results/predictions/BPI17/transformer/seed_41.parquet,case_len,False
BPI17,transformer,/ceph/lfertig/Paper/revisiting-ppm-foundation-models/notebook/llm-peft-ppm/results/predictions/BPI17/transformer/seed_41.parquet,activity_id_current,False
BPI17,transformer,/ceph/lfertig/Paper/revisiting-ppm-foundation-models/notebook/llm-peft-ppm/results/predictions/BPI17/transformer/seed_41.parquet,y_true_next_activity,False
BPI17,transformer,/ceph/lfertig/Paper/revisiting-ppm-foundation-models/notebook/llm-peft-ppm/results/predictions/BPI17/transformer/seed_41.parquet,y_pred_next_activity,False
BPI17,transformer,/ceph/lfertig/Paper/revisiting-ppm-foundation-models/notebook/llm-peft-ppm/results/predictions/BPI17/transformer/seed_41.parquet,y_true_remaining_time,False
BPI17,transformer,/ceph/lfertig/Paper/revisiting-ppm-foundation-models/notebook/llm-peft-ppm/results/predictions/BPI17/transformer/seed_41.parquet,y_pred_remaining_time,False
BPI17,transformer,/ceph/lfertig/Paper/revisiting-ppm-foundation-models/notebook/llm-peft-ppm/results/predictions/BPI17/transformer/seed_41.parquet,y_true_time_to_next_event,False
BPI17,transformer,/ceph/lfertig/Paper/revisiting-ppm-foundation-models/notebook/llm-peft-ppm/results/predictions/BPI17/transformer/seed_41.parquet,y_pred_time_to_next_event,False
BPI17,transformer,/ceph/lfertig/Paper/revisiting-ppm-foundation-models/notebook/llm-peft-ppm/results/predictions/BPI17/transformer/seed_41.parquet,log,False
BPI17,transformer,/ceph/lfertig/Paper/revisiting-ppm-foundation-models/notebook/llm-peft-ppm/results/predictions/BPI17/transformer/seed_41.parquet,backbone,False
BPI17,transformer,/ceph/lfertig/Paper/revisiting-ppm-foundation-models/notebook/llm-peft-ppm/results/predictions/BPI17/transformer/seed_41.parquet,seed,False
BPI17,tabpfn3,/ceph/lfertig/Paper/revisiting-ppm-foundation-models/notebook/llm-peft-ppm/results/predictions/BPI17/tabpfn3/seed_41.parquet,case_id,True
BPI17,tabpfn3,/ceph/lfertig/Paper/revisiting-ppm-foundation-models/notebook/llm-peft-ppm/results/predictions/BPI17/tabpfn3/seed_41.parquet,pos,True
BPI17,tabpfn3,/ceph/lfertig/Paper/revisiting-ppm-foundation-models/notebook/llm-peft-ppm/results/predictions/BPI17/tabpfn3/seed_41.parquet,case_len,False
BPI17,tabpfn3,/ceph/lfertig/Paper/revisiting-ppm-foundation-models/notebook/llm-peft-ppm/results/predictions/BPI17/tabpfn3/seed_41.parquet,activity_id_current,False
BPI17,tabpfn3,/ceph/lfertig/Paper/revisiting-ppm-foundation-models/notebook/llm-peft-ppm/results/predictions/BPI17/tabpfn3/seed_41.parquet,y_true_next_activity,False
BPI17,tabpfn3,/ceph/lfertig/Paper/revisiting-ppm-foundation-models/notebook/llm-peft-ppm/results/predictions/BPI17/tabpfn3/seed_41.parquet,y_pred_next_activity,False
BPI17,tabpfn3,/ceph/lfertig/Paper/revisiting-ppm-foundation-models/notebook/llm-peft-ppm/results/predictions/BPI17/tabpfn3/seed_41.parquet,y_true_remaining_time,False
BPI17,tabpfn3,/ceph/lfertig/Paper/revisiting-ppm-foundation-models/notebook/llm-peft-ppm/results/predictions/BPI17/tabpfn3/seed_41.parquet,y_pred_remaining_time,False
BPI17,tabpfn3,/ceph/lfertig/Paper/revisiting-ppm-foundation-models/notebook/llm-peft-ppm/results/predictions/BPI17/tabpfn3/seed_41.parquet,y_true_time_to_next_event,False
BPI17,tabpfn3,/ceph/lfertig/Paper/revisiting-ppm-foundation-models/notebook/llm-peft-ppm/results/predictions/BPI17/tabpfn3/seed_41.parquet,y_pred_time_to_next_event,False
BPI17,tabpfn3,/ceph/lfertig/Paper/revisiting-ppm-foundation-models/notebook/llm-peft-ppm/results/predictions/BPI17/tabpfn3/seed_41.parquet,log,False
BPI17,tabpfn3,/ceph/lfertig/Paper/revisiting-ppm-foundation-models/notebook/llm-peft-ppm/results/predictions/BPI17/tabpfn3/seed_41.parquet,backbone,False
BPI17,tabpfn3,/ceph/lfertig/Paper/revisiting-ppm-foundation-models/notebook/llm-peft-ppm/results/predictions/BPI17/tabpfn3/seed_41.parquet,seed,False
BPI17,saprpt,/ceph/lfertig/Paper/revisiting-ppm-foundation-models/notebook/llm-peft-ppm/results/predictions/BPI17/saprpt/seed_41.parquet,case_id,True
BPI17,saprpt,/ceph/lfertig/Paper/revisiting-ppm-foundation-models/notebook/llm-peft-ppm/results/predictions/BPI17/saprpt/seed_41.parquet,pos,True
BPI17,saprpt,/ceph/lfertig/Paper/revisiting-ppm-foundation-models/notebook/llm-peft-ppm/results/predictions/BPI17/saprpt/seed_41.parquet,case_len,False
BPI17,saprpt,/ceph/lfertig/Paper/revisiting-ppm-foundation-models/notebook/llm-peft-ppm/results/predictions/BPI17/saprpt/seed_41.parquet,activity_id_current,False
BPI17,saprpt,/ceph/lfertig/Paper/revisiting-ppm-foundation-models/notebook/llm-peft-ppm/results/predictions/BPI17/saprpt/seed_41.parquet,y_true_next_activity,False
BPI17,saprpt,/ceph/lfertig/Paper/revisiting-ppm-foundation-models/notebook/llm-peft-ppm/results/predictions/BPI17/saprpt/seed_41.parquet,y_pred_next_activity,False
BPI17,saprpt,/ceph/lfertig/Paper/revisiting-ppm-foundation-models/notebook/llm-peft-ppm/results/predictions/BPI17/saprpt/seed_41.parquet,y_true_remaining_time,False
BPI17,saprpt,/ceph/lfertig/Paper/revisiting-ppm-foundation-models/notebook/llm-peft-ppm/results/predictions/BPI17/saprpt/seed_41.parquet,y_pred_remaining_time,False
BPI17,saprpt,/ceph/lfertig/Paper/revisiting-ppm-foundation-models/notebook/llm-peft-ppm/results/predictions/BPI17/saprpt/seed_41.parquet,y_true_time_to_next_event,False
BPI17,saprpt,/ceph/lfertig/Paper/revisiting-ppm-foundation-models/notebook/llm-peft-ppm/results/predictions/BPI17/saprpt/seed_41.parquet,y_pred_time_to_next_event,False
BPI17,saprpt,/ceph/lfertig/Paper/revisiting-ppm-foundation-models/notebook/llm-peft-ppm/results/predictions/BPI17/saprpt/seed_41.parquet,log,False
BPI17,saprpt,/ceph/lfertig/Paper/revisiting-ppm-foundation-models/notebook/llm-peft-ppm/results/predictions/BPI17/saprpt/seed_41.parquet,backbone,False
BPI17,saprpt,/ceph/lfertig/Paper/revisiting-ppm-foundation-models/notebook/llm-peft-ppm/results/predictions/BPI17/saprpt/seed_41.parquet,seed,False
BPI17,llama32-1b,/ceph/lfertig/Paper/revisiting-ppm-foundation-models/notebook/llm-peft-ppm/results/predictions/BPI17/llama32-1b/seed_41.parquet,case_id,True
BPI17,llama32-1b,/ceph/lfertig/Paper/revisiting-ppm-foundation-models/notebook/llm-peft-ppm/results/predictions/BPI17/llama32-1b/seed_41.parquet,pos,True
BPI17,llama32-1b,/ceph/lfertig/Paper/revisiting-ppm-foundation-models/notebook/llm-peft-ppm/results/predictions/BPI17/llama32-1b/seed_41.parquet,case_len,False
BPI17,llama32-1b,/ceph/lfertig/Paper/revisiting-ppm-foundation-models/notebook/llm-peft-ppm/results/predictions/BPI17/llama32-1b/seed_41.parquet,activity_id_current,False
BPI17,llama32-1b,/ceph/lfertig/Paper/revisiting-ppm-foundation-models/notebook/llm-peft-ppm/results/predictions/BPI17/llama32-1b/seed_41.parquet,y_true_next_activity,False
BPI17,llama32-1b,/ceph/lfertig/Paper/revisiting-ppm-foundation-models/notebook/llm-peft-ppm/results/predictions/BPI17/llama32-1b/seed_41.parquet,y_pred_next_activity,False
BPI17,llama32-1b,/ceph/lfertig/Paper/revisiting-ppm-foundation-models/notebook/llm-peft-ppm/results/predictions/BPI17/llama32-1b/seed_41.parquet,y_true_remaining_time,False
BPI17,llama32-1b,/ceph/lfertig/Paper/revisiting-ppm-foundation-models/notebook/llm-peft-ppm/results/predictions/BPI17/llama32-1b/seed_41.parquet,y_pred_remaining_time,False
BPI17,llama32-1b,/ceph/lfertig/Paper/revisiting-ppm-foundation-models/notebook/llm-peft-ppm/results/predictions/BPI17/llama32-1b/seed_41.parquet,y_true_time_to_next_event,False
BPI17,llama32-1b,/ceph/lfertig/Paper/revisiting-ppm-foundation-models/notebook/llm-peft-ppm/results/predictions/BPI17/llama32-1b/seed_41.parquet,y_pred_time_to_next_event,False
BPI17,llama32-1b,/ceph/lfertig/Paper/revisiting-ppm-foundation-models/notebook/llm-peft-ppm/results/predictions/BPI17/llama32-1b/seed_41.parquet,log,False
BPI17,llama32-1b,/ceph/lfertig/Paper/revisiting-ppm-foundation-models/notebook/llm-peft-ppm/results/predictions/BPI17/llama32-1b/seed_41.parquet,backbone,False
BPI17,llama32-1b,/ceph/lfertig/Paper/revisiting-ppm-foundation-models/notebook/llm-peft-ppm/results/predictions/BPI17/llama32-1b/seed_41.parquet,seed,False
BPI17,gemma-2-2b,/ceph/lfertig/Paper/revisiting-ppm-foundation-models/notebook/llm-peft-ppm/results/predictions/BPI17/gemma-2-2b/seed_41.parquet,case_id,True
BPI17,gemma-2-2b,/ceph/lfertig/Paper/revisiting-ppm-foundation-models/notebook/llm-peft-ppm/results/predictions/BPI17/gemma-2-2b/seed_41.parquet,pos,True
BPI17,gemma-2-2b,/ceph/lfertig/Paper/revisiting-ppm-foundation-models/notebook/llm-peft-ppm/results/predictions/BPI17/gemma-2-2b/seed_41.parquet,case_len,False
BPI17,gemma-2-2b,/ceph/lfertig/Paper/revisiting-ppm-foundation-models/notebook/llm-peft-ppm/results/predictions/BPI17/gemma-2-2b/seed_41.parquet,activity_id_current,False
BPI17,gemma-2-2b,/ceph/lfertig/Paper/revisiting-ppm-foundation-models/notebook/llm-peft-ppm/results/predictions/BPI17/gemma-2-2b/seed_41.parquet,y_true_next_activity,False
BPI17,gemma-2-2b,/ceph/lfertig/Paper/revisiting-ppm-foundation-models/notebook/llm-peft-ppm/results/predictions/BPI17/gemma-2-2b/seed_41.parquet,y_pred_next_activity,False
BPI17,gemma-2-2b,/ceph/lfertig/Paper/revisiting-ppm-foundation-models/notebook/llm-peft-ppm/results/predictions/BPI17/gemma-2-2b/seed_41.parquet,y_true_remaining_time,False
BPI17,gemma-2-2b,/ceph/lfertig/Paper/revisiting-ppm-foundation-models/notebook/llm-peft-ppm/results/predictions/BPI17/gemma-2-2b/seed_41.parquet,y_pred_remaining_time,False
BPI17,gemma-2-2b,/ceph/lfertig/Paper/revisiting-ppm-foundation-models/notebook/llm-peft-ppm/results/predictions/BPI17/gemma-2-2b/seed_41.parquet,y_true_time_to_next_event,False
BPI17,gemma-2-2b,/ceph/lfertig/Paper/revisiting-ppm-foundation-models/notebook/llm-peft-ppm/results/predictions/BPI17/gemma-2-2b/seed_41.parquet,y_pred_time_to_next_event,False
BPI17,gemma-2-2b,/ceph/lfertig/Paper/revisiting-ppm-foundation-models/notebook/llm-peft-ppm/results/predictions/BPI17/gemma-2-2b/seed_41.parquet,log,False
BPI17,gemma-2-2b,/ceph/lfertig/Paper/revisiting-ppm-foundation-models/notebook/llm-peft-ppm/results/predictions/BPI17/gemma-2-2b/seed_41.parquet,backbone,False
BPI17,gemma-2-2b,/ceph/lfertig/Paper/revisiting-ppm-foundation-models/notebook/llm-peft-ppm/results/predictions/BPI17/gemma-2-2b/seed_41.parquet,seed,False
BPI20PrepaidTravelCosts,rnn,/ceph/lfertig/Paper/revisiting-ppm-foundation-models/notebook/llm-peft-ppm/results/predictions/BPI20PrepaidTravelCosts/rnn/seed_41.parquet,case_id,True
BPI20PrepaidTravelCosts,rnn,/ceph/lfertig/Paper/revisiting-ppm-foundation-models/notebook/llm-peft-ppm/results/predictions/BPI20PrepaidTravelCosts/rnn/seed_41.parquet,pos,True
BPI20PrepaidTravelCosts,rnn,/ceph/lfertig/Paper/revisiting-ppm-foundation-models/notebook/llm-peft-ppm/results/predictions/BPI20PrepaidTravelCosts/rnn/seed_41.parquet,case_len,False
BPI20PrepaidTravelCosts,rnn,/ceph/lfertig/Paper/revisiting-ppm-foundation-models/notebook/llm-peft-ppm/results/predictions/BPI20PrepaidTravelCosts/rnn/seed_41.parquet,activity_id_current,False
BPI20PrepaidTravelCosts,rnn,/ceph/lfertig/Paper/revisiting-ppm-foundation-models/notebook/llm-peft-ppm/results/predictions/BPI20PrepaidTravelCosts/rnn/seed_41.parquet,y_true_next_activity,False
BPI20PrepaidTravelCosts,rnn,/ceph/lfertig/Paper/revisiting-ppm-foundation-models/notebook/llm-peft-ppm/results/predictions/BPI20PrepaidTravelCosts/rnn/seed_41.parquet,y_pred_next_activity,False
BPI20PrepaidTravelCosts,rnn,/ceph/lfertig/Paper/revisiting-ppm-foundation-models/notebook/llm-peft-ppm/results/predictions/BPI20PrepaidTravelCosts/rnn/seed_41.parquet,y_true_remaining_time,False
BPI20PrepaidTravelCosts,rnn,/ceph/lfertig/Paper/revisiting-ppm-foundation-models/notebook/llm-peft-ppm/results/predictions/BPI20PrepaidTravelCosts/rnn/seed_41.parquet,y_pred_remaining_time,False
BPI20PrepaidTravelCosts,rnn,/ceph/lfertig/Paper/revisiting-ppm-foundation-models/notebook/llm-peft-ppm/results/predictions/BPI20PrepaidTravelCosts/rnn/seed_41.parquet,y_true_time_to_next_event,False
BPI20PrepaidTravelCosts,rnn,/ceph/lfertig/Paper/revisiting-ppm-foundation-models/notebook/llm-peft-ppm/results/predictions/BPI20PrepaidTravelCosts/rnn/seed_41.parquet,y_pred_time_to_next_event,False
BPI20PrepaidTravelCosts,rnn,/ceph/lfertig/Paper/revisiting-ppm-foundation-models/notebook/llm-peft-ppm/results/predictions/BPI20PrepaidTravelCosts/rnn/seed_41.parquet,log,False
BPI20PrepaidTravelCosts,rnn,/ceph/lfertig/Paper/revisiting-ppm-foundation-models/notebook/llm-peft-ppm/results/predictions/BPI20PrepaidTravelCosts/rnn/seed_41.parquet,backbone,False
BPI20PrepaidTravelCosts,rnn,/ceph/lfertig/Paper/revisiting-ppm-foundation-models/notebook/llm-peft-ppm/results/predictions/BPI20PrepaidTravelCosts/rnn/seed_41.parquet,seed,False
BPI20PrepaidTravelCosts,transformer,/ceph/lfertig/Paper/revisiting-ppm-foundation-models/notebook/llm-peft-ppm/results/predictions/BPI20PrepaidTravelCosts/transformer/seed_41.parquet,case_id,True
BPI20PrepaidTravelCosts,transformer,/ceph/lfertig/Paper/revisiting-ppm-foundation-models/notebook/llm-peft-ppm/results/predictions/BPI20PrepaidTravelCosts/transformer/seed_41.parquet,pos,True
BPI20PrepaidTravelCosts,transformer,/ceph/lfertig/Paper/revisiting-ppm-foundation-models/notebook/llm-peft-ppm/results/predictions/BPI20PrepaidTravelCosts/transformer/seed_41.parquet,case_len,False
BPI20PrepaidTravelCosts,transformer,/ceph/lfertig/Paper/revisiting-ppm-foundation-models/notebook/llm-peft-ppm/results/predictions/BPI20PrepaidTravelCosts/transformer/seed_41.parquet,activity_id_current,False
BPI20PrepaidTravelCosts,transformer,/ceph/lfertig/Paper/revisiting-ppm-foundation-models/notebook/llm-peft-ppm/results/predictions/BPI20PrepaidTravelCosts/transformer/seed_41.parquet,y_true_next_activity,False
BPI20PrepaidTravelCosts,transformer,/ceph/lfertig/Paper/revisiting-ppm-foundation-models/notebook/llm-peft-ppm/results/predictions/BPI20PrepaidTravelCosts/transformer/seed_41.parquet,y_pred_next_activity,False
BPI20PrepaidTravelCosts,transformer,/ceph/lfertig/Paper/revisiting-ppm-foundation-models/notebook/llm-peft-ppm/results/predictions/BPI20PrepaidTravelCosts/transformer/seed_41.parquet,y_true_remaining_time,False
BPI20PrepaidTravelCosts,transformer,/ceph/lfertig/Paper/revisiting-ppm-foundation-models/notebook/llm-peft-ppm/results/predictions/BPI20PrepaidTravelCosts/transformer/seed_41.parquet,y_pred_remaining_time,False
BPI20PrepaidTravelCosts,transformer,/ceph/lfertig/Paper/revisiting-ppm-foundation-models/notebook/llm-peft-ppm/results/predictions/BPI20PrepaidTravelCosts/transformer/seed_41.parquet,y_true_time_to_next_event,False
BPI20PrepaidTravelCosts,transformer,/ceph/lfertig/Paper/revisiting-ppm-foundation-models/notebook/llm-peft-ppm/results/predictions/BPI20PrepaidTravelCosts/transformer/seed_41.parquet,y_pred_time_to_next_event,False
BPI20PrepaidTravelCosts,transformer,/ceph/lfertig/Paper/revisiting-ppm-foundation-models/notebook/llm-peft-ppm/results/predictions/BPI20PrepaidTravelCosts/transformer/seed_41.parquet,log,False
BPI20PrepaidTravelCosts,transformer,/ceph/lfertig/Paper/revisiting-ppm-foundation-models/notebook/llm-peft-ppm/results/predictions/BPI20PrepaidTravelCosts/transformer/seed_41.parquet,backbone,False
BPI20PrepaidTravelCosts,transformer,/ceph/lfertig/Paper/revisiting-ppm-foundation-models/notebook/llm-peft-ppm/results/predictions/BPI20PrepaidTravelCosts/transformer/seed_41.parquet,seed,False
BPI20PrepaidTravelCosts,tabpfn3,/ceph/lfertig/Paper/revisiting-ppm-foundation-models/notebook/llm-peft-ppm/results/predictions/BPI20PrepaidTravelCosts/tabpfn3/seed_41.parquet,case_id,True
BPI20PrepaidTravelCosts,tabpfn3,/ceph/lfertig/Paper/revisiting-ppm-foundation-models/notebook/llm-peft-ppm/results/predictions/BPI20PrepaidTravelCosts/tabpfn3/seed_41.parquet,pos,True
BPI20PrepaidTravelCosts,tabpfn3,/ceph/lfertig/Paper/revisiting-ppm-foundation-models/notebook/llm-peft-ppm/results/predictions/BPI20PrepaidTravelCosts/tabpfn3/seed_41.parquet,case_len,False
BPI20PrepaidTravelCosts,tabpfn3,/ceph/lfertig/Paper/revisiting-ppm-foundation-models/notebook/llm-peft-ppm/results/predictions/BPI20PrepaidTravelCosts/tabpfn3/seed_41.parquet,activity_id_current,False
BPI20PrepaidTravelCosts,tabpfn3,/ceph/lfertig/Paper/revisiting-ppm-foundation-models/notebook/llm-peft-ppm/results/predictions/BPI20PrepaidTravelCosts/tabpfn3/seed_41.parquet,y_true_next_activity,False
BPI20PrepaidTravelCosts,tabpfn3,/ceph/lfertig/Paper/revisiting-ppm-foundation-models/notebook/llm-peft-ppm/results/predictions/BPI20PrepaidTravelCosts/tabpfn3/seed_41.parquet,y_pred_next_activity,False
BPI20PrepaidTravelCosts,tabpfn3,/ceph/lfertig/Paper/revisiting-ppm-foundation-models/notebook/llm-peft-ppm/results/predictions/BPI20PrepaidTravelCosts/tabpfn3/seed_41.parquet,y_true_remaining_time,False
BPI20PrepaidTravelCosts,tabpfn3,/ceph/lfertig/Paper/revisiting-ppm-foundation-models/notebook/llm-peft-ppm/results/predictions/BPI20PrepaidTravelCosts/tabpfn3/seed_41.parquet,y_pred_remaining_time,False
BPI20PrepaidTravelCosts,tabpfn3,/ceph/lfertig/Paper/revisiting-ppm-foundation-models/notebook/llm-peft-ppm/results/predictions/BPI20PrepaidTravelCosts/tabpfn3/seed_41.parquet,y_true_time_to_next_event,False
BPI20PrepaidTravelCosts,tabpfn3,/ceph/lfertig/Paper/revisiting-ppm-foundation-models/notebook/llm-peft-ppm/results/predictions/BPI20PrepaidTravelCosts/tabpfn3/seed_41.parquet,y_pred_time_to_next_event,False
BPI20PrepaidTravelCosts,tabpfn3,/ceph/lfertig/Paper/revisiting-ppm-foundation-models/notebook/llm-peft-ppm/results/predictions/BPI20PrepaidTravelCosts/tabpfn3/seed_41.parquet,log,False
BPI20PrepaidTravelCosts,tabpfn3,/ceph/lfertig/Paper/revisiting-ppm-foundation-models/notebook/llm-peft-ppm/results/predictions/BPI20PrepaidTravelCosts/tabpfn3/seed_41.parquet,backbone,False
BPI20PrepaidTravelCosts,tabpfn3,/ceph/lfertig/Paper/revisiting-ppm-foundation-models/notebook/llm-peft-ppm/results/predictions/BPI20PrepaidTravelCosts/tabpfn3/seed_41.parquet,seed,False
BPI20PrepaidTravelCosts,saprpt,/ceph/lfertig/Paper/revisiting-ppm-foundation-models/notebook/llm-peft-ppm/results/predictions/BPI20PrepaidTravelCosts/saprpt/seed_41.parquet,case_id,True
BPI20PrepaidTravelCosts,saprpt,/ceph/lfertig/Paper/revisiting-ppm-foundation-models/notebook/llm-peft-ppm/results/predictions/BPI20PrepaidTravelCosts/saprpt/seed_41.parquet,pos,True
BPI20PrepaidTravelCosts,saprpt,/ceph/lfertig/Paper/revisiting-ppm-foundation-models/notebook/llm-peft-ppm/results/predictions/BPI20PrepaidTravelCosts/saprpt/seed_41.parquet,case_len,False
BPI20PrepaidTravelCosts,saprpt,/ceph/lfertig/Paper/revisiting-ppm-foundation-models/notebook/llm-peft-ppm/results/predictions/BPI20PrepaidTravelCosts/saprpt/seed_41.parquet,activity_id_current,False
BPI20PrepaidTravelCosts,saprpt,/ceph/lfertig/Paper/revisiting-ppm-foundation-models/notebook/llm-peft-ppm/results/predictions/BPI20PrepaidTravelCosts/saprpt/seed_41.parquet,y_true_next_activity,False
BPI20PrepaidTravelCosts,saprpt,/ceph/lfertig/Paper/revisiting-ppm-foundation-models/notebook/llm-peft-ppm/results/predictions/BPI20PrepaidTravelCosts/saprpt/seed_41.parquet,y_pred_next_activity,False
BPI20PrepaidTravelCosts,saprpt,/ceph/lfertig/Paper/revisiting-ppm-foundation-models/notebook/llm-peft-ppm/results/predictions/BPI20PrepaidTravelCosts/saprpt/seed_41.parquet,y_true_remaining_time,False
BPI20PrepaidTravelCosts,saprpt,/ceph/lfertig/Paper/revisiting-ppm-foundation-models/notebook/llm-peft-ppm/results/predictions/BPI20PrepaidTravelCosts/saprpt/seed_41.parquet,y_pred_remaining_time,False
BPI20PrepaidTravelCosts,saprpt,/ceph/lfertig/Paper/revisiting-ppm-foundation-models/notebook/llm-peft-ppm/results/predictions/BPI20PrepaidTravelCosts/saprpt/seed_41.parquet,y_true_time_to_next_event,False
BPI20PrepaidTravelCosts,saprpt,/ceph/lfertig/Paper/revisiting-ppm-foundation-models/notebook/llm-peft-ppm/results/predictions/BPI20PrepaidTravelCosts/saprpt/seed_41.parquet,y_pred_time_to_next_event,False
BPI20PrepaidTravelCosts,saprpt,/ceph/lfertig/Paper/revisiting-ppm-foundation-models/notebook/llm-peft-ppm/results/predictions/BPI20PrepaidTravelCosts/saprpt/seed_41.parquet,log,False
BPI20PrepaidTravelCosts,saprpt,/ceph/lfertig/Paper/revisiting-ppm-foundation-models/notebook/llm-peft-ppm/results/predictions/BPI20PrepaidTravelCosts/saprpt/seed_41.parquet,backbone,False
BPI20PrepaidTravelCosts,saprpt,/ceph/lfertig/Paper/revisiting-ppm-foundation-models/notebook/llm-peft-ppm/results/predictions/BPI20PrepaidTravelCosts/saprpt/seed_41.parquet,seed,False
BPI20PrepaidTravelCosts,llama32-1b,/ceph/lfertig/Paper/revisiting-ppm-foundation-models/notebook/llm-peft-ppm/results/predictions/BPI20PrepaidTravelCosts/llama32-1b/seed_41.parquet,case_id,True
BPI20PrepaidTravelCosts,llama32-1b,/ceph/lfertig/Paper/revisiting-ppm-foundation-models/notebook/llm-peft-ppm/results/predictions/BPI20PrepaidTravelCosts/llama32-1b/seed_41.parquet,pos,True
BPI20PrepaidTravelCosts,llama32-1b,/ceph/lfertig/Paper/revisiting-ppm-foundation-models/notebook/llm-peft-ppm/results/predictions/BPI20PrepaidTravelCosts/llama32-1b/seed_41.parquet,case_len,False
BPI20PrepaidTravelCosts,llama32-1b,/ceph/lfertig/Paper/revisiting-ppm-foundation-models/notebook/llm-peft-ppm/results/predictions/BPI20PrepaidTravelCosts/llama32-1b/seed_41.parquet,activity_id_current,False
BPI20PrepaidTravelCosts,llama32-1b,/ceph/lfertig/Paper/revisiting-ppm-foundation-models/notebook/llm-peft-ppm/results/predictions/BPI20PrepaidTravelCosts/llama32-1b/seed_41.parquet,y_true_next_activity,False
BPI20PrepaidTravelCosts,llama32-1b,/ceph/lfertig/Paper/revisiting-ppm-foundation-models/notebook/llm-peft-ppm/results/predictions/BPI20PrepaidTravelCosts/llama32-1b/seed_41.parquet,y_pred_next_activity,False
BPI20PrepaidTravelCosts,llama32-1b,/ceph/lfertig/Paper/revisiting-ppm-foundation-models/notebook/llm-peft-ppm/results/predictions/BPI20PrepaidTravelCosts/llama32-1b/seed_41.parquet,y_true_remaining_time,False
BPI20PrepaidTravelCosts,llama32-1b,/ceph/lfertig/Paper/revisiting-ppm-foundation-models/notebook/llm-peft-ppm/results/predictions/BPI20PrepaidTravelCosts/llama32-1b/seed_41.parquet,y_pred_remaining_time,False
BPI20PrepaidTravelCosts,llama32-1b,/ceph/lfertig/Paper/revisiting-ppm-foundation-models/notebook/llm-peft-ppm/results/predictions/BPI20PrepaidTravelCosts/llama32-1b/seed_41.parquet,y_true_time_to_next_event,False
BPI20PrepaidTravelCosts,llama32-1b,/ceph/lfertig/Paper/revisiting-ppm-foundation-models/notebook/llm-peft-ppm/results/predictions/BPI20PrepaidTravelCosts/llama32-1b/seed_41.parquet,y_pred_time_to_next_event,False
BPI20PrepaidTravelCosts,llama32-1b,/ceph/lfertig/Paper/revisiting-ppm-foundation-models/notebook/llm-peft-ppm/results/predictions/BPI20PrepaidTravelCosts/llama32-1b/seed_41.parquet,log,False
BPI20PrepaidTravelCosts,llama32-1b,/ceph/lfertig/Paper/revisiting-ppm-foundation-models/notebook/llm-peft-ppm/results/predictions/BPI20PrepaidTravelCosts/llama32-1b/seed_41.parquet,backbone,False
BPI20PrepaidTravelCosts,llama32-1b,/ceph/lfertig/Paper/revisiting-ppm-foundation-models/notebook/llm-peft-ppm/results/predictions/BPI20PrepaidTravelCosts/llama32-1b/seed_41.parquet,seed,False
BPI20PrepaidTravelCosts,gemma-2-2b,/ceph/lfertig/Paper/revisiting-ppm-foundation-models/notebook/llm-peft-ppm/results/predictions/BPI20PrepaidTravelCosts/gemma-2-2b/seed_41.parquet,case_id,True
BPI20PrepaidTravelCosts,gemma-2-2b,/ceph/lfertig/Paper/revisiting-ppm-foundation-models/notebook/llm-peft-ppm/results/predictions/BPI20PrepaidTravelCosts/gemma-2-2b/seed_41.parquet,pos,True
BPI20PrepaidTravelCosts,gemma-2-2b,/ceph/lfertig/Paper/revisiting-ppm-foundation-models/notebook/llm-peft-ppm/results/predictions/BPI20PrepaidTravelCosts/gemma-2-2b/seed_41.parquet,case_len,False
BPI20PrepaidTravelCosts,gemma-2-2b,/ceph/lfertig/Paper/revisiting-ppm-foundation-models/notebook/llm-peft-ppm/results/predictions/BPI20PrepaidTravelCosts/gemma-2-2b/seed_41.parquet,activity_id_current,False
BPI20PrepaidTravelCosts,gemma-2-2b,/ceph/lfertig/Paper/revisiting-ppm-foundation-models/notebook/llm-peft-ppm/results/predictions/BPI20PrepaidTravelCosts/gemma-2-2b/seed_41.parquet,y_true_next_activity,False
BPI20PrepaidTravelCosts,gemma-2-2b,/ceph/lfertig/Paper/revisiting-ppm-foundation-models/notebook/llm-peft-ppm/results/predictions/BPI20PrepaidTravelCosts/gemma-2-2b/seed_41.parquet,y_pred_next_activity,False
BPI20PrepaidTravelCosts,gemma-2-2b,/ceph/lfertig/Paper/revisiting-ppm-foundation-models/notebook/llm-peft-ppm/results/predictions/BPI20PrepaidTravelCosts/gemma-2-2b/seed_41.parquet,y_true_remaining_time,False
BPI20PrepaidTravelCosts,gemma-2-2b,/ceph/lfertig/Paper/revisiting-ppm-foundation-models/notebook/llm-peft-ppm/results/predictions/BPI20PrepaidTravelCosts/gemma-2-2b/seed_41.parquet,y_pred_remaining_time,False
BPI20PrepaidTravelCosts,gemma-2-2b,/ceph/lfertig/Paper/revisiting-ppm-foundation-models/notebook/llm-peft-ppm/results/predictions/BPI20PrepaidTravelCosts/gemma-2-2b/seed_41.parquet,y_true_time_to_next_event,False
BPI20PrepaidTravelCosts,gemma-2-2b,/ceph/lfertig/Paper/revisiting-ppm-foundation-models/notebook/llm-peft-ppm/results/predictions/BPI20PrepaidTravelCosts/gemma-2-2b/seed_41.parquet,y_pred_time_to_next_event,False
BPI20PrepaidTravelCosts,gemma-2-2b,/ceph/lfertig/Paper/revisiting-ppm-foundation-models/notebook/llm-peft-ppm/results/predictions/BPI20PrepaidTravelCosts/gemma-2-2b/seed_41.parquet,log,False
BPI20PrepaidTravelCosts,gemma-2-2b,/ceph/lfertig/Paper/revisiting-ppm-foundation-models/notebook/llm-peft-ppm/results/predictions/BPI20PrepaidTravelCosts/gemma-2-2b/seed_41.parquet,backbone,False
BPI20PrepaidTravelCosts,gemma-2-2b,/ceph/lfertig/Paper/revisiting-ppm-foundation-models/notebook/llm-peft-ppm/results/predictions/BPI20PrepaidTravelCosts/gemma-2-2b/seed_41.parquet,seed,False
BPI20TravelPermitData,rnn,/ceph/lfertig/Paper/revisiting-ppm-foundation-models/notebook/llm-peft-ppm/results/predictions/BPI20TravelPermitData/rnn/seed_41.parquet,case_id,True
BPI20TravelPermitData,rnn,/ceph/lfertig/Paper/revisiting-ppm-foundation-models/notebook/llm-peft-ppm/results/predictions/BPI20TravelPermitData/rnn/seed_41.parquet,pos,True
BPI20TravelPermitData,rnn,/ceph/lfertig/Paper/revisiting-ppm-foundation-models/notebook/llm-peft-ppm/results/predictions/BPI20TravelPermitData/rnn/seed_41.parquet,case_len,False
BPI20TravelPermitData,rnn,/ceph/lfertig/Paper/revisiting-ppm-foundation-models/notebook/llm-peft-ppm/results/predictions/BPI20TravelPermitData/rnn/seed_41.parquet,activity_id_current,False
BPI20TravelPermitData,rnn,/ceph/lfertig/Paper/revisiting-ppm-foundation-models/notebook/llm-peft-ppm/results/predictions/BPI20TravelPermitData/rnn/seed_41.parquet,y_true_next_activity,False
BPI20TravelPermitData,rnn,/ceph/lfertig/Paper/revisiting-ppm-foundation-models/notebook/llm-peft-ppm/results/predictions/BPI20TravelPermitData/rnn/seed_41.parquet,y_pred_next_activity,False
BPI20TravelPermitData,rnn,/ceph/lfertig/Paper/revisiting-ppm-foundation-models/notebook/llm-peft-ppm/results/predictions/BPI20TravelPermitData/rnn/seed_41.parquet,y_true_remaining_time,False
BPI20TravelPermitData,rnn,/ceph/lfertig/Paper/revisiting-ppm-foundation-models/notebook/llm-peft-ppm/results/predictions/BPI20TravelPermitData/rnn/seed_41.parquet,y_pred_remaining_time,False
BPI20TravelPermitData,rnn,/ceph/lfertig/Paper/revisiting-ppm-foundation-models/notebook/llm-peft-ppm/results/predictions/BPI20TravelPermitData/rnn/seed_41.parquet,y_true_time_to_next_event,False
BPI20TravelPermitData,rnn,/ceph/lfertig/Paper/revisiting-ppm-foundation-models/notebook/llm-peft-ppm/results/predictions/BPI20TravelPermitData/rnn/seed_41.parquet,y_pred_time_to_next_event,False
BPI20TravelPermitData,rnn,/ceph/lfertig/Paper/revisiting-ppm-foundation-models/notebook/llm-peft-ppm/results/predictions/BPI20TravelPermitData/rnn/seed_41.parquet,log,False
BPI20TravelPermitData,rnn,/ceph/lfertig/Paper/revisiting-ppm-foundation-models/notebook/llm-peft-ppm/results/predictions/BPI20TravelPermitData/rnn/seed_41.parquet,backbone,False
BPI20TravelPermitData,rnn,/ceph/lfertig/Paper/revisiting-ppm-foundation-models/notebook/llm-peft-ppm/results/predictions/BPI20TravelPermitData/rnn/seed_41.parquet,seed,False
BPI20TravelPermitData,transformer,/ceph/lfertig/Paper/revisiting-ppm-foundation-models/notebook/llm-peft-ppm/results/predictions/BPI20TravelPermitData/transformer/seed_41.parquet,case_id,True
BPI20TravelPermitData,transformer,/ceph/lfertig/Paper/revisiting-ppm-foundation-models/notebook/llm-peft-ppm/results/predictions/BPI20TravelPermitData/transformer/seed_41.parquet,pos,True
BPI20TravelPermitData,transformer,/ceph/lfertig/Paper/revisiting-ppm-foundation-models/notebook/llm-peft-ppm/results/predictions/BPI20TravelPermitData/transformer/seed_41.parquet,case_len,False
BPI20TravelPermitData,transformer,/ceph/lfertig/Paper/revisiting-ppm-foundation-models/notebook/llm-peft-ppm/results/predictions/BPI20TravelPermitData/transformer/seed_41.parquet,activity_id_current,False
BPI20TravelPermitData,transformer,/ceph/lfertig/Paper/revisiting-ppm-foundation-models/notebook/llm-peft-ppm/results/predictions/BPI20TravelPermitData/transformer/seed_41.parquet,y_true_next_activity,False
BPI20TravelPermitData,transformer,/ceph/lfertig/Paper/revisiting-ppm-foundation-models/notebook/llm-peft-ppm/results/predictions/BPI20TravelPermitData/transformer/seed_41.parquet,y_pred_next_activity,False
BPI20TravelPermitData,transformer,/ceph/lfertig/Paper/revisiting-ppm-foundation-models/notebook/llm-peft-ppm/results/predictions/BPI20TravelPermitData/transformer/seed_41.parquet,y_true_remaining_time,False
BPI20TravelPermitData,transformer,/ceph/lfertig/Paper/revisiting-ppm-foundation-models/notebook/llm-peft-ppm/results/predictions/BPI20TravelPermitData/transformer/seed_41.parquet,y_pred_remaining_time,False
BPI20TravelPermitData,transformer,/ceph/lfertig/Paper/revisiting-ppm-foundation-models/notebook/llm-peft-ppm/results/predictions/BPI20TravelPermitData/transformer/seed_41.parquet,y_true_time_to_next_event,False
BPI20TravelPermitData,transformer,/ceph/lfertig/Paper/revisiting-ppm-foundation-models/notebook/llm-peft-ppm/results/predictions/BPI20TravelPermitData/transformer/seed_41.parquet,y_pred_time_to_next_event,False
BPI20TravelPermitData,transformer,/ceph/lfertig/Paper/revisiting-ppm-foundation-models/notebook/llm-peft-ppm/results/predictions/BPI20TravelPermitData/transformer/seed_41.parquet,log,False
BPI20TravelPermitData,transformer,/ceph/lfertig/Paper/revisiting-ppm-foundation-models/notebook/llm-peft-ppm/results/predictions/BPI20TravelPermitData/transformer/seed_41.parquet,backbone,False
BPI20TravelPermitData,transformer,/ceph/lfertig/Paper/revisiting-ppm-foundation-models/notebook/llm-peft-ppm/results/predictions/BPI20TravelPermitData/transformer/seed_41.parquet,seed,False
BPI20TravelPermitData,tabpfn3,/ceph/lfertig/Paper/revisiting-ppm-foundation-models/notebook/llm-peft-ppm/results/predictions/BPI20TravelPermitData/tabpfn3/seed_41.parquet,case_id,True
BPI20TravelPermitData,tabpfn3,/ceph/lfertig/Paper/revisiting-ppm-foundation-models/notebook/llm-peft-ppm/results/predictions/BPI20TravelPermitData/tabpfn3/seed_41.parquet,pos,True
BPI20TravelPermitData,tabpfn3,/ceph/lfertig/Paper/revisiting-ppm-foundation-models/notebook/llm-peft-ppm/results/predictions/BPI20TravelPermitData/tabpfn3/seed_41.parquet,case_len,False
BPI20TravelPermitData,tabpfn3,/ceph/lfertig/Paper/revisiting-ppm-foundation-models/notebook/llm-peft-ppm/results/predictions/BPI20TravelPermitData/tabpfn3/seed_41.parquet,activity_id_current,False
BPI20TravelPermitData,tabpfn3,/ceph/lfertig/Paper/revisiting-ppm-foundation-models/notebook/llm-peft-ppm/results/predictions/BPI20TravelPermitData/tabpfn3/seed_41.parquet,y_true_next_activity,False
BPI20TravelPermitData,tabpfn3,/ceph/lfertig/Paper/revisiting-ppm-foundation-models/notebook/llm-peft-ppm/results/predictions/BPI20TravelPermitData/tabpfn3/seed_41.parquet,y_pred_next_activity,False
BPI20TravelPermitData,tabpfn3,/ceph/lfertig/Paper/revisiting-ppm-foundation-models/notebook/llm-peft-ppm/results/predictions/BPI20TravelPermitData/tabpfn3/seed_41.parquet,y_true_remaining_time,False
BPI20TravelPermitData,tabpfn3,/ceph/lfertig/Paper/revisiting-ppm-foundation-models/notebook/llm-peft-ppm/results/predictions/BPI20TravelPermitData/tabpfn3/seed_41.parquet,y_pred_remaining_time,False
BPI20TravelPermitData,tabpfn3,/ceph/lfertig/Paper/revisiting-ppm-foundation-models/notebook/llm-peft-ppm/results/predictions/BPI20TravelPermitData/tabpfn3/seed_41.parquet,y_true_time_to_next_event,False
BPI20TravelPermitData,tabpfn3,/ceph/lfertig/Paper/revisiting-ppm-foundation-models/notebook/llm-peft-ppm/results/predictions/BPI20TravelPermitData/tabpfn3/seed_41.parquet,y_pred_time_to_next_event,False
BPI20TravelPermitData,tabpfn3,/ceph/lfertig/Paper/revisiting-ppm-foundation-models/notebook/llm-peft-ppm/results/predictions/BPI20TravelPermitData/tabpfn3/seed_41.parquet,log,False
BPI20TravelPermitData,tabpfn3,/ceph/lfertig/Paper/revisiting-ppm-foundation-models/notebook/llm-peft-ppm/results/predictions/BPI20TravelPermitData/tabpfn3/seed_41.parquet,backbone,False
BPI20TravelPermitData,tabpfn3,/ceph/lfertig/Paper/revisiting-ppm-foundation-models/notebook/llm-peft-ppm/results/predictions/BPI20TravelPermitData/tabpfn3/seed_41.parquet,seed,False
BPI20TravelPermitData,saprpt,/ceph/lfertig/Paper/revisiting-ppm-foundation-models/notebook/llm-peft-ppm/results/predictions/BPI20TravelPermitData/saprpt/seed_41.parquet,case_id,True
BPI20TravelPermitData,saprpt,/ceph/lfertig/Paper/revisiting-ppm-foundation-models/notebook/llm-peft-ppm/results/predictions/BPI20TravelPermitData/saprpt/seed_41.parquet,pos,True
BPI20TravelPermitData,saprpt,/ceph/lfertig/Paper/revisiting-ppm-foundation-models/notebook/llm-peft-ppm/results/predictions/BPI20TravelPermitData/saprpt/seed_41.parquet,case_len,False
BPI20TravelPermitData,saprpt,/ceph/lfertig/Paper/revisiting-ppm-foundation-models/notebook/llm-peft-ppm/results/predictions/BPI20TravelPermitData/saprpt/seed_41.parquet,activity_id_current,False
BPI20TravelPermitData,saprpt,/ceph/lfertig/Paper/revisiting-ppm-foundation-models/notebook/llm-peft-ppm/results/predictions/BPI20TravelPermitData/saprpt/seed_41.parquet,y_true_next_activity,False
BPI20TravelPermitData,saprpt,/ceph/lfertig/Paper/revisiting-ppm-foundation-models/notebook/llm-peft-ppm/results/predictions/BPI20TravelPermitData/saprpt/seed_41.parquet,y_pred_next_activity,False
BPI20TravelPermitData,saprpt,/ceph/lfertig/Paper/revisiting-ppm-foundation-models/notebook/llm-peft-ppm/results/predictions/BPI20TravelPermitData/saprpt/seed_41.parquet,y_true_remaining_time,False
BPI20TravelPermitData,saprpt,/ceph/lfertig/Paper/revisiting-ppm-foundation-models/notebook/llm-peft-ppm/results/predictions/BPI20TravelPermitData/saprpt/seed_41.parquet,y_pred_remaining_time,False
BPI20TravelPermitData,saprpt,/ceph/lfertig/Paper/revisiting-ppm-foundation-models/notebook/llm-peft-ppm/results/predictions/BPI20TravelPermitData/saprpt/seed_41.parquet,y_true_time_to_next_event,False
BPI20TravelPermitData,saprpt,/ceph/lfertig/Paper/revisiting-ppm-foundation-models/notebook/llm-peft-ppm/results/predictions/BPI20TravelPermitData/saprpt/seed_41.parquet,y_pred_time_to_next_event,False
BPI20TravelPermitData,saprpt,/ceph/lfertig/Paper/revisiting-ppm-foundation-models/notebook/llm-peft-ppm/results/predictions/BPI20TravelPermitData/saprpt/seed_41.parquet,log,False
BPI20TravelPermitData,saprpt,/ceph/lfertig/Paper/revisiting-ppm-foundation-models/notebook/llm-peft-ppm/results/predictions/BPI20TravelPermitData/saprpt/seed_41.parquet,backbone,False
BPI20TravelPermitData,saprpt,/ceph/lfertig/Paper/revisiting-ppm-foundation-models/notebook/llm-peft-ppm/results/predictions/BPI20TravelPermitData/saprpt/seed_41.parquet,seed,False
BPI20TravelPermitData,llama32-1b,/ceph/lfertig/Paper/revisiting-ppm-foundation-models/notebook/llm-peft-ppm/results/predictions/BPI20TravelPermitData/llama32-1b/seed_41.parquet,case_id,True
BPI20TravelPermitData,llama32-1b,/ceph/lfertig/Paper/revisiting-ppm-foundation-models/notebook/llm-peft-ppm/results/predictions/BPI20TravelPermitData/llama32-1b/seed_41.parquet,pos,True
BPI20TravelPermitData,llama32-1b,/ceph/lfertig/Paper/revisiting-ppm-foundation-models/notebook/llm-peft-ppm/results/predictions/BPI20TravelPermitData/llama32-1b/seed_41.parquet,case_len,False
BPI20TravelPermitData,llama32-1b,/ceph/lfertig/Paper/revisiting-ppm-foundation-models/notebook/llm-peft-ppm/results/predictions/BPI20TravelPermitData/llama32-1b/seed_41.parquet,activity_id_current,False
BPI20TravelPermitData,llama32-1b,/ceph/lfertig/Paper/revisiting-ppm-foundation-models/notebook/llm-peft-ppm/results/predictions/BPI20TravelPermitData/llama32-1b/seed_41.parquet,y_true_next_activity,False
BPI20TravelPermitData,llama32-1b,/ceph/lfertig/Paper/revisiting-ppm-foundation-models/notebook/llm-peft-ppm/results/predictions/BPI20TravelPermitData/llama32-1b/seed_41.parquet,y_pred_next_activity,False
BPI20TravelPermitData,llama32-1b,/ceph/lfertig/Paper/revisiting-ppm-foundation-models/notebook/llm-peft-ppm/results/predictions/BPI20TravelPermitData/llama32-1b/seed_41.parquet,y_true_remaining_time,False
BPI20TravelPermitData,llama32-1b,/ceph/lfertig/Paper/revisiting-ppm-foundation-models/notebook/llm-peft-ppm/results/predictions/BPI20TravelPermitData/llama32-1b/seed_41.parquet,y_pred_remaining_time,False
BPI20TravelPermitData,llama32-1b,/ceph/lfertig/Paper/revisiting-ppm-foundation-models/notebook/llm-peft-ppm/results/predictions/BPI20TravelPermitData/llama32-1b/seed_41.parquet,y_true_time_to_next_event,False
BPI20TravelPermitData,llama32-1b,/ceph/lfertig/Paper/revisiting-ppm-foundation-models/notebook/llm-peft-ppm/results/predictions/BPI20TravelPermitData/llama32-1b/seed_41.parquet,y_pred_time_to_next_event,False
BPI20TravelPermitData,llama32-1b,/ceph/lfertig/Paper/revisiting-ppm-foundation-models/notebook/llm-peft-ppm/results/predictions/BPI20TravelPermitData/llama32-1b/seed_41.parquet,log,False
BPI20TravelPermitData,llama32-1b,/ceph/lfertig/Paper/revisiting-ppm-foundation-models/notebook/llm-peft-ppm/results/predictions/BPI20TravelPermitData/llama32-1b/seed_41.parquet,backbone,False
BPI20TravelPermitData,llama32-1b,/ceph/lfertig/Paper/revisiting-ppm-foundation-models/notebook/llm-peft-ppm/results/predictions/BPI20TravelPermitData/llama32-1b/seed_41.parquet,seed,False
BPI20TravelPermitData,gemma-2-2b,/ceph/lfertig/Paper/revisiting-ppm-foundation-models/notebook/llm-peft-ppm/results/predictions/BPI20TravelPermitData/gemma-2-2b/seed_41.parquet,case_id,True
BPI20TravelPermitData,gemma-2-2b,/ceph/lfertig/Paper/revisiting-ppm-foundation-models/notebook/llm-peft-ppm/results/predictions/BPI20TravelPermitData/gemma-2-2b/seed_41.parquet,pos,True
BPI20TravelPermitData,gemma-2-2b,/ceph/lfertig/Paper/revisiting-ppm-foundation-models/notebook/llm-peft-ppm/results/predictions/BPI20TravelPermitData/gemma-2-2b/seed_41.parquet,case_len,False
BPI20TravelPermitData,gemma-2-2b,/ceph/lfertig/Paper/revisiting-ppm-foundation-models/notebook/llm-peft-ppm/results/predictions/BPI20TravelPermitData/gemma-2-2b/seed_41.parquet,activity_id_current,False
BPI20TravelPermitData,gemma-2-2b,/ceph/lfertig/Paper/revisiting-ppm-foundation-models/notebook/llm-peft-ppm/results/predictions/BPI20TravelPermitData/gemma-2-2b/seed_41.parquet,y_true_next_activity,False
BPI20TravelPermitData,gemma-2-2b,/ceph/lfertig/Paper/revisiting-ppm-foundation-models/notebook/llm-peft-ppm/results/predictions/BPI20TravelPermitData/gemma-2-2b/seed_41.parquet,y_pred_next_activity,False
BPI20TravelPermitData,gemma-2-2b,/ceph/lfertig/Paper/revisiting-ppm-foundation-models/notebook/llm-peft-ppm/results/predictions/BPI20TravelPermitData/gemma-2-2b/seed_41.parquet,y_true_remaining_time,False
BPI20TravelPermitData,gemma-2-2b,/ceph/lfertig/Paper/revisiting-ppm-foundation-models/notebook/llm-peft-ppm/results/predictions/BPI20TravelPermitData/gemma-2-2b/seed_41.parquet,y_pred_remaining_time,False
BPI20TravelPermitData,gemma-2-2b,/ceph/lfertig/Paper/revisiting-ppm-foundation-models/notebook/llm-peft-ppm/results/predictions/BPI20TravelPermitData/gemma-2-2b/seed_41.parquet,y_true_time_to_next_event,False
BPI20TravelPermitData,gemma-2-2b,/ceph/lfertig/Paper/revisiting-ppm-foundation-models/notebook/llm-peft-ppm/results/predictions/BPI20TravelPermitData/gemma-2-2b/seed_41.parquet,y_pred_time_to_next_event,False
BPI20TravelPermitData,gemma-2-2b,/ceph/lfertig/Paper/revisiting-ppm-foundation-models/notebook/llm-peft-ppm/results/predictions/BPI20TravelPermitData/gemma-2-2b/seed_41.parquet,log,False
BPI20TravelPermitData,gemma-2-2b,/ceph/lfertig/Paper/revisiting-ppm-foundation-models/notebook/llm-peft-ppm/results/predictions/BPI20TravelPermitData/gemma-2-2b/seed_41.parquet,backbone,False
BPI20TravelPermitData,gemma-2-2b,/ceph/lfertig/Paper/revisiting-ppm-foundation-models/notebook/llm-peft-ppm/results/predictions/BPI20TravelPermitData/gemma-2-2b/seed_41.parquet,seed,False
BPI20RequestForPayment,rnn,/ceph/lfertig/Paper/revisiting-ppm-foundation-models/notebook/llm-peft-ppm/results/predictions/BPI20RequestForPayment/rnn/seed_41.parquet,case_id,True
BPI20RequestForPayment,rnn,/ceph/lfertig/Paper/revisiting-ppm-foundation-models/notebook/llm-peft-ppm/results/predictions/BPI20RequestForPayment/rnn/seed_41.parquet,pos,True
BPI20RequestForPayment,rnn,/ceph/lfertig/Paper/revisiting-ppm-foundation-models/notebook/llm-peft-ppm/results/predictions/BPI20RequestForPayment/rnn/seed_41.parquet,case_len,False
BPI20RequestForPayment,rnn,/ceph/lfertig/Paper/revisiting-ppm-foundation-models/notebook/llm-peft-ppm/results/predictions/BPI20RequestForPayment/rnn/seed_41.parquet,activity_id_current,False
BPI20RequestForPayment,rnn,/ceph/lfertig/Paper/revisiting-ppm-foundation-models/notebook/llm-peft-ppm/results/predictions/BPI20RequestForPayment/rnn/seed_41.parquet,y_true_next_activity,False
BPI20RequestForPayment,rnn,/ceph/lfertig/Paper/revisiting-ppm-foundation-models/notebook/llm-peft-ppm/results/predictions/BPI20RequestForPayment/rnn/seed_41.parquet,y_pred_next_activity,False
BPI20RequestForPayment,rnn,/ceph/lfertig/Paper/revisiting-ppm-foundation-models/notebook/llm-peft-ppm/results/predictions/BPI20RequestForPayment/rnn/seed_41.parquet,y_true_remaining_time,False
BPI20RequestForPayment,rnn,/ceph/lfertig/Paper/revisiting-ppm-foundation-models/notebook/llm-peft-ppm/results/predictions/BPI20RequestForPayment/rnn/seed_41.parquet,y_pred_remaining_time,False
BPI20RequestForPayment,rnn,/ceph/lfertig/Paper/revisiting-ppm-foundation-models/notebook/llm-peft-ppm/results/predictions/BPI20RequestForPayment/rnn/seed_41.parquet,y_true_time_to_next_event,False
BPI20RequestForPayment,rnn,/ceph/lfertig/Paper/revisiting-ppm-foundation-models/notebook/llm-peft-ppm/results/predictions/BPI20RequestForPayment/rnn/seed_41.parquet,y_pred_time_to_next_event,False
BPI20RequestForPayment,rnn,/ceph/lfertig/Paper/revisiting-ppm-foundation-models/notebook/llm-peft-ppm/results/predictions/BPI20RequestForPayment/rnn/seed_41.parquet,log,False
BPI20RequestForPayment,rnn,/ceph/lfertig/Paper/revisiting-ppm-foundation-models/notebook/llm-peft-ppm/results/predictions/BPI20RequestForPayment/rnn/seed_41.parquet,backbone,False
BPI20RequestForPayment,rnn,/ceph/lfertig/Paper/revisiting-ppm-foundation-models/notebook/llm-peft-ppm/results/predictions/BPI20RequestForPayment/rnn/seed_41.parquet,seed,False
BPI20RequestForPayment,transformer,/ceph/lfertig/Paper/revisiting-ppm-foundation-models/notebook/llm-peft-ppm/results/predictions/BPI20RequestForPayment/transformer/seed_41.parquet,case_id,True
BPI20RequestForPayment,transformer,/ceph/lfertig/Paper/revisiting-ppm-foundation-models/notebook/llm-peft-ppm/results/predictions/BPI20RequestForPayment/transformer/seed_41.parquet,pos,True
BPI20RequestForPayment,transformer,/ceph/lfertig/Paper/revisiting-ppm-foundation-models/notebook/llm-peft-ppm/results/predictions/BPI20RequestForPayment/transformer/seed_41.parquet,case_len,False
BPI20RequestForPayment,transformer,/ceph/lfertig/Paper/revisiting-ppm-foundation-models/notebook/llm-peft-ppm/results/predictions/BPI20RequestForPayment/transformer/seed_41.parquet,activity_id_current,False
BPI20RequestForPayment,transformer,/ceph/lfertig/Paper/revisiting-ppm-foundation-models/notebook/llm-peft-ppm/results/predictions/BPI20RequestForPayment/transformer/seed_41.parquet,y_true_next_activity,False
BPI20RequestForPayment,transformer,/ceph/lfertig/Paper/revisiting-ppm-foundation-models/notebook/llm-peft-ppm/results/predictions/BPI20RequestForPayment/transformer/seed_41.parquet,y_pred_next_activity,False
BPI20RequestForPayment,transformer,/ceph/lfertig/Paper/revisiting-ppm-foundation-models/notebook/llm-peft-ppm/results/predictions/BPI20RequestForPayment/transformer/seed_41.parquet,y_true_remaining_time,False
BPI20RequestForPayment,transformer,/ceph/lfertig/Paper/revisiting-ppm-foundation-models/notebook/llm-peft-ppm/results/predictions/BPI20RequestForPayment/transformer/seed_41.parquet,y_pred_remaining_time,False
BPI20RequestForPayment,transformer,/ceph/lfertig/Paper/revisiting-ppm-foundation-models/notebook/llm-peft-ppm/results/predictions/BPI20RequestForPayment/transformer/seed_41.parquet,y_true_time_to_next_event,False
BPI20RequestForPayment,transformer,/ceph/lfertig/Paper/revisiting-ppm-foundation-models/notebook/llm-peft-ppm/results/predictions/BPI20RequestForPayment/transformer/seed_41.parquet,y_pred_time_to_next_event,False
BPI20RequestForPayment,transformer,/ceph/lfertig/Paper/revisiting-ppm-foundation-models/notebook/llm-peft-ppm/results/predictions/BPI20RequestForPayment/transformer/seed_41.parquet,log,False
BPI20RequestForPayment,transformer,/ceph/lfertig/Paper/revisiting-ppm-foundation-models/notebook/llm-peft-ppm/results/predictions/BPI20RequestForPayment/transformer/seed_41.parquet,backbone,False
BPI20RequestForPayment,transformer,/ceph/lfertig/Paper/revisiting-ppm-foundation-models/notebook/llm-peft-ppm/results/predictions/BPI20RequestForPayment/transformer/seed_41.parquet,seed,False
BPI20RequestForPayment,tabpfn3,/ceph/lfertig/Paper/revisiting-ppm-foundation-models/notebook/llm-peft-ppm/results/predictions/BPI20RequestForPayment/tabpfn3/seed_41.parquet,case_id,True
BPI20RequestForPayment,tabpfn3,/ceph/lfertig/Paper/revisiting-ppm-foundation-models/notebook/llm-peft-ppm/results/predictions/BPI20RequestForPayment/tabpfn3/seed_41.parquet,pos,True
BPI20RequestForPayment,tabpfn3,/ceph/lfertig/Paper/revisiting-ppm-foundation-models/notebook/llm-peft-ppm/results/predictions/BPI20RequestForPayment/tabpfn3/seed_41.parquet,case_len,False
BPI20RequestForPayment,tabpfn3,/ceph/lfertig/Paper/revisiting-ppm-foundation-models/notebook/llm-peft-ppm/results/predictions/BPI20RequestForPayment/tabpfn3/seed_41.parquet,activity_id_current,False
BPI20RequestForPayment,tabpfn3,/ceph/lfertig/Paper/revisiting-ppm-foundation-models/notebook/llm-peft-ppm/results/predictions/BPI20RequestForPayment/tabpfn3/seed_41.parquet,y_true_next_activity,False
BPI20RequestForPayment,tabpfn3,/ceph/lfertig/Paper/revisiting-ppm-foundation-models/notebook/llm-peft-ppm/results/predictions/BPI20RequestForPayment/tabpfn3/seed_41.parquet,y_pred_next_activity,False
BPI20RequestForPayment,tabpfn3,/ceph/lfertig/Paper/revisiting-ppm-foundation-models/notebook/llm-peft-ppm/results/predictions/BPI20RequestForPayment/tabpfn3/seed_41.parquet,y_true_remaining_time,False
BPI20RequestForPayment,tabpfn3,/ceph/lfertig/Paper/revisiting-ppm-foundation-models/notebook/llm-peft-ppm/results/predictions/BPI20RequestForPayment/tabpfn3/seed_41.parquet,y_pred_remaining_time,False
BPI20RequestForPayment,tabpfn3,/ceph/lfertig/Paper/revisiting-ppm-foundation-models/notebook/llm-peft-ppm/results/predictions/BPI20RequestForPayment/tabpfn3/seed_41.parquet,y_true_time_to_next_event,False
BPI20RequestForPayment,tabpfn3,/ceph/lfertig/Paper/revisiting-ppm-foundation-models/notebook/llm-peft-ppm/results/predictions/BPI20RequestForPayment/tabpfn3/seed_41.parquet,y_pred_time_to_next_event,False
BPI20RequestForPayment,tabpfn3,/ceph/lfertig/Paper/revisiting-ppm-foundation-models/notebook/llm-peft-ppm/results/predictions/BPI20RequestForPayment/tabpfn3/seed_41.parquet,log,False
BPI20RequestForPayment,tabpfn3,/ceph/lfertig/Paper/revisiting-ppm-foundation-models/notebook/llm-peft-ppm/results/predictions/BPI20RequestForPayment/tabpfn3/seed_41.parquet,backbone,False
BPI20RequestForPayment,tabpfn3,/ceph/lfertig/Paper/revisiting-ppm-foundation-models/notebook/llm-peft-ppm/results/predictions/BPI20RequestForPayment/tabpfn3/seed_41.parquet,seed,False
BPI20RequestForPayment,saprpt,/ceph/lfertig/Paper/revisiting-ppm-foundation-models/notebook/llm-peft-ppm/results/predictions/BPI20RequestForPayment/saprpt/seed_41.parquet,case_id,True
BPI20RequestForPayment,saprpt,/ceph/lfertig/Paper/revisiting-ppm-foundation-models/notebook/llm-peft-ppm/results/predictions/BPI20RequestForPayment/saprpt/seed_41.parquet,pos,True
BPI20RequestForPayment,saprpt,/ceph/lfertig/Paper/revisiting-ppm-foundation-models/notebook/llm-peft-ppm/results/predictions/BPI20RequestForPayment/saprpt/seed_41.parquet,case_len,False
BPI20RequestForPayment,saprpt,/ceph/lfertig/Paper/revisiting-ppm-foundation-models/notebook/llm-peft-ppm/results/predictions/BPI20RequestForPayment/saprpt/seed_41.parquet,activity_id_current,False
BPI20RequestForPayment,saprpt,/ceph/lfertig/Paper/revisiting-ppm-foundation-models/notebook/llm-peft-ppm/results/predictions/BPI20RequestForPayment/saprpt/seed_41.parquet,y_true_next_activity,False
BPI20RequestForPayment,saprpt,/ceph/lfertig/Paper/revisiting-ppm-foundation-models/notebook/llm-peft-ppm/results/predictions/BPI20RequestForPayment/saprpt/seed_41.parquet,y_pred_next_activity,False
BPI20RequestForPayment,saprpt,/ceph/lfertig/Paper/revisiting-ppm-foundation-models/notebook/llm-peft-ppm/results/predictions/BPI20RequestForPayment/saprpt/seed_41.parquet,y_true_remaining_time,False
BPI20RequestForPayment,saprpt,/ceph/lfertig/Paper/revisiting-ppm-foundation-models/notebook/llm-peft-ppm/results/predictions/BPI20RequestForPayment/saprpt/seed_41.parquet,y_pred_remaining_time,False
BPI20RequestForPayment,saprpt,/ceph/lfertig/Paper/revisiting-ppm-foundation-models/notebook/llm-peft-ppm/results/predictions/BPI20RequestForPayment/saprpt/seed_41.parquet,y_true_time_to_next_event,False
BPI20RequestForPayment,saprpt,/ceph/lfertig/Paper/revisiting-ppm-foundation-models/notebook/llm-peft-ppm/results/predictions/BPI20RequestForPayment/saprpt/seed_41.parquet,y_pred_time_to_next_event,False
BPI20RequestForPayment,saprpt,/ceph/lfertig/Paper/revisiting-ppm-foundation-models/notebook/llm-peft-ppm/results/predictions/BPI20RequestForPayment/saprpt/seed_41.parquet,log,False
BPI20RequestForPayment,saprpt,/ceph/lfertig/Paper/revisiting-ppm-foundation-models/notebook/llm-peft-ppm/results/predictions/BPI20RequestForPayment/saprpt/seed_41.parquet,backbone,False
BPI20RequestForPayment,saprpt,/ceph/lfertig/Paper/revisiting-ppm-foundation-models/notebook/llm-peft-ppm/results/predictions/BPI20RequestForPayment/saprpt/seed_41.parquet,seed,False
BPI20RequestForPayment,llama32-1b,/ceph/lfertig/Paper/revisiting-ppm-foundation-models/notebook/llm-peft-ppm/results/predictions/BPI20RequestForPayment/llama32-1b/seed_41.parquet,case_id,True
BPI20RequestForPayment,llama32-1b,/ceph/lfertig/Paper/revisiting-ppm-foundation-models/notebook/llm-peft-ppm/results/predictions/BPI20RequestForPayment/llama32-1b/seed_41.parquet,pos,True
BPI20RequestForPayment,llama32-1b,/ceph/lfertig/Paper/revisiting-ppm-foundation-models/notebook/llm-peft-ppm/results/predictions/BPI20RequestForPayment/llama32-1b/seed_41.parquet,case_len,False
BPI20RequestForPayment,llama32-1b,/ceph/lfertig/Paper/revisiting-ppm-foundation-models/notebook/llm-peft-ppm/results/predictions/BPI20RequestForPayment/llama32-1b/seed_41.parquet,activity_id_current,False
BPI20RequestForPayment,llama32-1b,/ceph/lfertig/Paper/revisiting-ppm-foundation-models/notebook/llm-peft-ppm/results/predictions/BPI20RequestForPayment/llama32-1b/seed_41.parquet,y_true_next_activity,False
BPI20RequestForPayment,llama32-1b,/ceph/lfertig/Paper/revisiting-ppm-foundation-models/notebook/llm-peft-ppm/results/predictions/BPI20RequestForPayment/llama32-1b/seed_41.parquet,y_pred_next_activity,False
BPI20RequestForPayment,llama32-1b,/ceph/lfertig/Paper/revisiting-ppm-foundation-models/notebook/llm-peft-ppm/results/predictions/BPI20RequestForPayment/llama32-1b/seed_41.parquet,y_true_remaining_time,False
BPI20RequestForPayment,llama32-1b,/ceph/lfertig/Paper/revisiting-ppm-foundation-models/notebook/llm-peft-ppm/results/predictions/BPI20RequestForPayment/llama32-1b/seed_41.parquet,y_pred_remaining_time,False
BPI20RequestForPayment,llama32-1b,/ceph/lfertig/Paper/revisiting-ppm-foundation-models/notebook/llm-peft-ppm/results/predictions/BPI20RequestForPayment/llama32-1b/seed_41.parquet,y_true_time_to_next_event,False
BPI20RequestForPayment,llama32-1b,/ceph/lfertig/Paper/revisiting-ppm-foundation-models/notebook/llm-peft-ppm/results/predictions/BPI20RequestForPayment/llama32-1b/seed_41.parquet,y_pred_time_to_next_event,False
BPI20RequestForPayment,llama32-1b,/ceph/lfertig/Paper/revisiting-ppm-foundation-models/notebook/llm-peft-ppm/results/predictions/BPI20RequestForPayment/llama32-1b/seed_41.parquet,log,False
BPI20RequestForPayment,llama32-1b,/ceph/lfertig/Paper/revisiting-ppm-foundation-models/notebook/llm-peft-ppm/results/predictions/BPI20RequestForPayment/llama32-1b/seed_41.parquet,backbone,False
BPI20RequestForPayment,llama32-1b,/ceph/lfertig/Paper/revisiting-ppm-foundation-models/notebook/llm-peft-ppm/results/predictions/BPI20RequestForPayment/llama32-1b/seed_41.parquet,seed,False
BPI20RequestForPayment,gemma-2-2b,/ceph/lfertig/Paper/revisiting-ppm-foundation-models/notebook/llm-peft-ppm/results/predictions/BPI20RequestForPayment/gemma-2-2b/seed_41.parquet,case_id,True
BPI20RequestForPayment,gemma-2-2b,/ceph/lfertig/Paper/revisiting-ppm-foundation-models/notebook/llm-peft-ppm/results/predictions/BPI20RequestForPayment/gemma-2-2b/seed_41.parquet,pos,True
BPI20RequestForPayment,gemma-2-2b,/ceph/lfertig/Paper/revisiting-ppm-foundation-models/notebook/llm-peft-ppm/results/predictions/BPI20RequestForPayment/gemma-2-2b/seed_41.parquet,case_len,False
BPI20RequestForPayment,gemma-2-2b,/ceph/lfertig/Paper/revisiting-ppm-foundation-models/notebook/llm-peft-ppm/results/predictions/BPI20RequestForPayment/gemma-2-2b/seed_41.parquet,activity_id_current,False
BPI20RequestForPayment,gemma-2-2b,/ceph/lfertig/Paper/revisiting-ppm-foundation-models/notebook/llm-peft-ppm/results/predictions/BPI20RequestForPayment/gemma-2-2b/seed_41.parquet,y_true_next_activity,False
BPI20RequestForPayment,gemma-2-2b,/ceph/lfertig/Paper/revisiting-ppm-foundation-models/notebook/llm-peft-ppm/results/predictions/BPI20RequestForPayment/gemma-2-2b/seed_41.parquet,y_pred_next_activity,False
BPI20RequestForPayment,gemma-2-2b,/ceph/lfertig/Paper/revisiting-ppm-foundation-models/notebook/llm-peft-ppm/results/predictions/BPI20RequestForPayment/gemma-2-2b/seed_41.parquet,y_true_remaining_time,False
BPI20RequestForPayment,gemma-2-2b,/ceph/lfertig/Paper/revisiting-ppm-foundation-models/notebook/llm-peft-ppm/results/predictions/BPI20RequestForPayment/gemma-2-2b/seed_41.parquet,y_pred_remaining_time,False
BPI20RequestForPayment,gemma-2-2b,/ceph/lfertig/Paper/revisiting-ppm-foundation-models/notebook/llm-peft-ppm/results/predictions/BPI20RequestForPayment/gemma-2-2b/seed_41.parquet,y_true_time_to_next_event,False
BPI20RequestForPayment,gemma-2-2b,/ceph/lfertig/Paper/revisiting-ppm-foundation-models/notebook/llm-peft-ppm/results/predictions/BPI20RequestForPayment/gemma-2-2b/seed_41.parquet,y_pred_time_to_next_event,False
BPI20RequestForPayment,gemma-2-2b,/ceph/lfertig/Paper/revisiting-ppm-foundation-models/notebook/llm-peft-ppm/results/predictions/BPI20RequestForPayment/gemma-2-2b/seed_41.parquet,log,False
BPI20RequestForPayment,gemma-2-2b,/ceph/lfertig/Paper/revisiting-ppm-foundation-models/notebook/llm-peft-ppm/results/predictions/BPI20RequestForPayment/gemma-2-2b/seed_41.parquet,backbone,False
BPI20RequestForPayment,gemma-2-2b,/ceph/lfertig/Paper/revisiting-ppm-foundation-models/notebook/llm-peft-ppm/results/predictions/BPI20RequestForPayment/gemma-2-2b/seed_41.parquet,seed,False
